index_var,CHR,POS,REF,ALT,bm,ancestry,BETA,P
rs2642439,1,220970499,A,G,alt_log,EUR,0.0148731,3.5298e-8
2:27748992_AT_A,2,27748992,AT,A,alt_log,EUR,-0.0169504,7.35548e-11
rs17036160,3,12329783,C,T,alt_log,EUR,-0.0266084,1.04611e-11
rs71633359,4,88183820,T,C,alt_log,EUR,-0.0404435,4.32668e-46
rs1229984,4,100239319,T,C,alt_log,EUR,0.0629961,2.55355e-15
rs79220007,6,26098474,T,C,alt_log,EUR,0.0359026,2.6586e-14
rs75580845,6,25578433,T,C,alt_log,EUR,0.0249283,1.52385e-8
rs77048596,7,73022211,G,A,alt_log,EUR,0.0189735,8.60151e-12
rs2954021,8,126482077,A,G,alt_log,EUR,-0.0197557,2.92441e-15
rs4251692,8,145737285,T,C,alt_log,EUR,0.0515063,7.70442e-9
rs10733608,9,117148430,G,T,alt_log,EUR,-0.0233095,4.30384e-20
rs2862954,10,101912064,T,C,alt_log,EUR,-0.0303607,6.68161e-34
rs2419604,10,113944271,A,G,alt_log,EUR,-0.0215512,1.44688e-14
rs1262002,10,79652154,T,C,alt_log,EUR,0.0156693,1.87264e-9
rs1169306,12,121438311,C,T,alt_log,EUR,0.0165095,3.08757e-10
rs4782568,16,83980529,C,G,alt_log,EUR,-0.0167579,4.41386e-11
rs756350040,19,19370340,TGACA,T,alt_log,EUR,0.0681627,1.17865e-44
rs429358,19,45411941,T,C,alt_log,EUR,-0.0353552,1.56325e-24
rs364585,20,12962718,A,G,alt_log,EUR,-0.0144449,1.72332e-8
rs738408,22,44324730,C,T,alt_log,EUR,0.104046,2.27681e-191
22:36055987_AT_A,22,36055987,AT,A,alt_log,EUR,0.0390767,1.96244e-8
rs72685533,1,105690865,A,G,alt_log,AFR,0.369093,1.3558e-8
rs10076830,5,67950535,T,C,alt_log,AFR,0.310298,3.52682e-8
rs17337518,6,118608535,G,T,alt_log,AFR,0.25014,2.45052e-8
rs73068432,20,9356145,G,A,alt_log,AFR,0.373131,1.07441e-8
rs73255956,7,9197140,G,T,alt_log,EAS,0.540971,2.96401e-8
rs12073859,1,54446576,C,T,alt_log,SAS,0.317527,1.08518e-9
rs116242613,3,152506811,G,A,alt_log,SAS,0.222947,4.5868e-8
rs17207814,5,138288530,G,A,alt_log,SAS,0.374482,2.29208e-8
rs113714930,7,122639020,A,G,alt_log,SAS,0.610719,1.87951e-11
13:40894339_TAGAG_T,13,40894339,TAGAG,T,alt_log,SAS,0.477736,3.48924e-8
rs77683437,14,90237966,C,T,alt_log,SAS,0.507261,8.05393e-11
rs8081976,17,66213357,A,G,alt_log,SAS,0.288819,2.05854e-8
19:50041226_CT_C,19,50041226,CT,C,alt_log,SAS,0.41144,1.14452e-8
rs142263361,22,45924339,C,T,alt_log,SAS,0.447364,5.13513e-9
rs72613567,4,88231392,TA,T,alt_log,MA,NA,5.792e-46
rs1229984,4,100239319,C,T,alt_log,MA,NA,1.712e-13
rs4782568,16,83980529,G,C,alt_log,MA,NA,1.916e-11
rs200210321,19,19393890,AG,A,alt_log,MA,NA,4.73e-46
rs429358,19,45411941,C,T,alt_log,MA,NA,3.453e-24
rs2862954,10,101912064,C,T,alt_log,MA,NA,5.284e-35
rs4917628,10,113947678,G,A,alt_log,MA,NA,1.557e-14
rs754465,10,79680514,C,A,alt_log,MA,NA,3.062e-9
rs3747207,22,44324855,G,A,alt_log,MA,NA,1.18e-257
22:36055987_AT_A,22,36055987,AT,A,alt_log,MA,NA,2.054e-9
rs35348663,7,72991593,G,C,alt_log,MA,NA,2.147e-12
rs10733608,9,117148430,G,T,alt_log,MA,NA,8.645e-21
rs17036328,3,12390484,C,T,alt_log,MA,NA,5.777e-12
rs79220007,6,26098474,C,T,alt_log,MA,NA,2.658e-14
rs75580845,6,25578433,C,T,alt_log,MA,NA,1.524e-8
rs28601761,8,126500031,G,C,alt_log,MA,NA,4.476e-16
rs4251692,8,145737285,C,T,alt_log,MA,NA,7.704e-9
rs1169306,12,121438311,C,T,alt_log,MA,NA,5.54e-10
rs2642438,1,220970028,G,A,alt_log,MA,NA,4.564e-8
rs438568,20,12958687,G,A,alt_log,MA,NA,1.601e-8
2:27748992_AT_A,2,27748992,AT,A,alt_log,MA,NA,1.715e-10
rs16899832,5,22813520,C,T,alb_log,AFR,0.161137,4.38728e-8
rs552387903,8,55217148,A,AT,alb_log,AFR,0.208624,4.20589e-8
rs56153384,19,8485805,C,A,alb_log,AFR,0.288048,1.98069e-8
rs1017206,19,34365598,A,G,alb_log,EAS,0.683352,3.83951e-8
rs112902475,3,74556528,C,G,alb_log,SAS,0.483324,6.20124e-9
rs4610775,8,6914573,A,G,alb_log,SAS,0.388007,8.69087e-9
rs73167112,13,32662954,G,A,alb_log,SAS,0.41989,1.7503e-9
rs10917016,1,21898418,T,C,alp_log,EUR,-0.0548444,1.89657e-45
rs116116575,1,22736024,C,A,alp_log,EUR,0.126105,7.5064e-28
rs142748794,1,20154462,G,T,alp_log,EUR,0.059683,3.31832e-11
rs147329271,6,24184088,C,T,alp_log,EUR,0.0991583,3.85852e-16
rs687621,9,136137065,A,G,alp_log,EUR,0.0597671,3.6478e-110
rs5409,17,7183522,C,T,alp_log,EUR,0.048227,1.48848e-28
rs281380,19,49214470,T,C,alp_log,EUR,-0.0147927,1.41004e-8
rs7764042,6,70989977,C,G,alp_log,AFR,0.250665,8.12174e-9
rs115255985,3,82867186,C,T,alp_log,SAS,0.310165,3.0773e-8
rs183958111,9,27814631,A,C,alp_log,SAS,0.413827,2.63803e-8
rs3200255,1,21900171,G,A,alp_log,MA,NA,4.357e-47
rs116116575,1,22736024,C,A,alp_log,MA,NA,7.501e-28
rs142748794,1,20154462,G,T,alp_log,MA,NA,2.422e-11
rs505922,9,136149229,C,T,alp_log,MA,NA,1.58e-114
rs5409,17,7183522,C,T,alp_log,MA,NA,4.819e-28
rs147329271,6,24184088,C,T,alp_log,MA,NA,3.858e-16
rs330093,8,9175958,G,C,alp_log,MA,NA,2.224e-8
rs281380,19,49214470,C,T,alp_log,MA,NA,3.655e-8
rs73134009,3,102308659,A,T,apoA_log,EUR,0.0647114,4.38841e-9
rs9274055,6,32630083,C,T,apoA_log,EUR,0.0194779,8.95964e-10
rs431204,6,32005267,C,T,apoA_log,EUR,0.0258302,1.5554e-8
rs186808413,11,117042408,C,T,apoA_log,EUR,0.0686663,3.76487e-8
rs4783961,16,56994894,G,A,apoA_log,EUR,0.0227135,4.67507e-18
rs438811,19,45416741,C,T,apoA_log,EUR,0.0208069,2.03007e-11
rs7704687,5,5311438,A,G,apoA_log,AFR,0.11363,2.65752e-8
rs11258567,10,13782110,A,C,apoA_log,EAS,-0.298575,1.3735e-8
rs73214532,7,89064965,A,C,apoA_log,SAS,0.391401,4.10878e-8
rs79751328,18,47977612,C,A,apoA_log,SAS,0.423357,3.58276e-8
rs9272278,6,32603656,G,C,apoA_log,MA,NA,1.039e-9
rs431204,6,32005267,C,T,apoA_log,MA,NA,1.945e-8
rs4783961,16,56994894,G,A,apoA_log,MA,NA,5.341e-18
rs438811,19,45416741,C,T,apoA_log,MA,NA,2.58e-12
rs186808413,11,117042408,C,T,apoA_log,MA,NA,3.765e-8
rs73134009,3,102308659,T,A,apoA_log,MA,NA,4.389e-9
rs10455872,6,161010118,A,G,apoB_statinadj_log,EUR,-0.0288678,4.44706e-10
rs75627662,19,45413576,C,T,apoB_statinadj_log,EUR,NA,0
rs62116778,19,44894070,G,T,apoB_statinadj_log,EUR,0.107001,3.163e-61
rs7255743,19,46018119,G,A,apoB_statinadj_log,EUR,0.101772,2.61441e-22
rs73004962,19,19713069,A,T,apoB_statinadj_log,EUR,0.0423909,9.03476e-21
rs62116988,19,44296689,G,A,apoB_statinadj_log,EUR,-0.0483475,1.1181e-12
rs73008942,19,19155672,G,A,apoB_statinadj_log,EUR,0.0342524,2.45663e-9
rs75823825,5,139352979,G,A,apoB_statinadj_log,AFR,0.496643,3.74557e-8
rs72654473,19,45414399,C,A,apoB_statinadj_log,AFR,0.150376,1.82974e-9
rs115649025,3,63605991,C,T,apoB_statinadj_log,SAS,0.360218,1.28577e-8
rs77064286,16,57940344,G,A,apoB_statinadj_log,SAS,0.414907,8.71068e-9
rs390082,19,45416831,T,G,apoB_statinadj_log,SAS,0.251811,2.28044e-11
rs35254032,22,34993160,G,A,apoB_statinadj_log,SAS,0.495278,4.11001e-8
rs7259350,19,45432278,C,T,apoB_statinadj_log,MA,NA,0
rs62116778,19,44894070,G,T,apoB_statinadj_log,MA,NA,2.467e-60
rs7255743,19,46018119,G,A,apoB_statinadj_log,MA,NA,2.615e-22
rs56255430,19,19477877,C,A,apoB_statinadj_log,MA,NA,9.93e-21
rs62116988,19,44296689,G,A,apoB_statinadj_log,MA,NA,2.174e-12
rs10455872,6,161010118,G,A,apoB_statinadj_log,MA,NA,4.447e-10
rs77064286,16,57940344,G,A,apoB_statinadj_log,MA,NA,1.186e-8
rs1260326,2,27730940,T,C,ast_log,EUR,-0.023535,4.40801e-20
rs71633359,4,88183820,T,C,ast_log,EUR,-0.028283,2.7683e-23
rs925136,4,146788825,G,A,ast_log,EUR,0.018473,4.6444e-8
rs1800562,6,26093141,G,A,ast_log,EUR,0.0312322,3.37024e-11
rs2980888,8,126507308,T,C,ast_log,EUR,-0.0165053,1.56663e-9
rs10119644,9,117129592,T,A,ast_log,EUR,-0.0147969,4.00412e-9
rs2862954,10,101912064,T,C,ast_log,EUR,-0.0224237,3.8363e-19
rs75677502,10,100786314,A,T,ast_log,EUR,-0.0542739,9.98452e-9
10:79703977_ATTT_A,10,79703977,ATTT,A,ast_log,EUR,0.0158994,1.36156e-8
rs756350040,19,19370340,TGACA,T,ast_log,EUR,0.0417214,1.14178e-17
rs429358,19,45411941,T,C,ast_log,EUR,-0.0198965,9.5581e-9
rs3747207,22,44324855,G,A,ast_log,EUR,0.0624963,7.29769e-93
rs494109,1,55166381,G,T,ast_log,AFR,0.41937,4.63464e-9
rs111332494,6,118745575,A,G,ast_log,AFR,0.233951,4.7558e-8
7:67346725_GTGCAATCATAGCTCAC_G,7,67346725,GTGCAATCATAGCTCAC,G,ast_log,AFR,0.53711,2.74198e-9
rs112460734,8,3011575,G,A,ast_log,AFR,0.395797,5.53917e-9
rs145330648,8,15217718,A,G,ast_log,AFR,0.342926,1.5507e-8
rs58915644,17,36619455,C,T,ast_log,AFR,0.425025,2.74411e-8
rs77438163,21,46648035,G,T,ast_log,AFR,0.236844,4.52368e-8
rs55650819,3,4645413,C,A,ast_log,EAS,0.5079,3.58197e-9
rs62273233,3,128298682,A,G,ast_log,EAS,0.381695,8.78618e-9
rs149494854,4,29595094,C,CTTTTCTTTTTTTT,ast_log,EAS,-0.840876,2.64204e-8
rs4960116,6,5630468,A,G,ast_log,EAS,-0.393914,2.04394e-8
rs16975654,13,110879245,G,A,ast_log,EAS,0.398741,4.99237e-8
rs77098685,1,222972496,A,T,ast_log,SAS,0.261297,4.89127e-9
rs184501510,1,33358329,G,C,ast_log,SAS,0.401426,3.65841e-8
rs114511309,2,164694655,A,G,ast_log,SAS,0.514283,2.13417e-8
rs6816536,4,81746468,G,A,ast_log,SAS,0.375739,2.96087e-11
rs191973452,4,71920794,A,G,ast_log,SAS,0.439763,7.36465e-10
rs139392720,4,81240231,A,G,ast_log,SAS,0.327785,2.32e-8
rs31711,5,164950268,A,G,ast_log,SAS,0.348442,1.22769e-8
rs75165641,9,15374503,T,A,ast_log,SAS,0.423242,3.35994e-8
rs11192027,10,106139115,C,T,ast_log,SAS,0.538089,2.40029e-8
rs6505429,17,33037868,G,A,ast_log,SAS,-0.285952,3.73913e-8
rs72613567,4,88231392,TA,T,ast_log,MA,NA,5.672e-23
rs4552481,4,146793099,G,A,ast_log,MA,NA,4.464e-8
rs200210321,19,19393890,AG,A,ast_log,MA,NA,1.134e-16
rs429358,19,45411941,C,T,ast_log,MA,NA,6.994e-9
rs2862954,10,101912064,C,T,ast_log,MA,NA,7.526e-20
rs75677502,10,100786314,T,A,ast_log,MA,NA,9.985e-9
10:79702143_AT_A,10,79702143,AT,A,ast_log,MA,NA,1.252e-8
rs11192027,10,106139115,C,T,ast_log,MA,NA,2.4e-8
rs1260326,2,27730940,C,T,ast_log,MA,NA,4.241e-21
rs3747207,22,44324855,G,A,ast_log,MA,NA,4.02e-92
rs10119644,9,117129592,T,A,ast_log,MA,NA,1.626e-9
rs1800562,6,26093141,G,A,ast_log,MA,NA,3.37e-11
rs2980888,8,126507308,C,T,ast_log,MA,NA,5.132e-10
rs1892534,1,66105944,C,T,hscrp_log,EUR,0.05607,2.20724e-104
rs12755606,1,159670336,C,G,hscrp_log,EUR,-0.0307773,2.00427e-29
rs17128445,1,66610968,G,A,hscrp_log,EUR,0.0253954,6.59839e-12
rs13409371,2,113838145,G,A,hscrp_log,EUR,0.016968,5.11417e-11
rs9267091,6,31413809,G,A,hscrp_log,EUR,0.0200776,5.43124e-12
rs3131045,6,30758848,T,A,hscrp_log,EUR,0.0192916,3.0291e-8
rs2246942,10,91004886,A,G,hscrp_log,EUR,0.0150845,1.02778e-8
rs61937565,12,39391156,T,C,hscrp_log,EUR,-0.0189887,2.72012e-8
rs10119,19,45406673,G,A,hscrp_log,EUR,0.0189937,1.16056e-11
rs56020911,19,18317097,T,C,hscrp_log,EUR,-0.0146855,1.77824e-8
rs4821797,22,39016182,T,C,hscrp_log,EUR,0.0219276,1.61585e-16
rs2927021,8,120363974,A,G,hscrp_log,EAS,0.464456,3.54044e-10
rs77174369,12,96139677,C,T,hscrp_log,EAS,0.59433,3.28812e-8
rs117158282,16,7780321,C,T,hscrp_log,SAS,0.412919,4.04929e-8
rs1938498,1,66098653,C,T,hscrp_log,MA,NA,6.19e-107
rs12754745,1,159670483,G,A,hscrp_log,MA,NA,1.81e-30
rs17128445,1,66610968,G,A,hscrp_log,MA,NA,1.298e-11
22:39151057_CG_C,22,39151057,C,CG,hscrp_log,MA,NA,4.738e-17
rs10119,19,45406673,G,A,hscrp_log,MA,NA,1.089e-11
rs55678304,19,18316629,C,A,hscrp_log,MA,NA,2.915e-8
rs3132471,6,31419201,G,A,hscrp_log,MA,NA,2.445e-11
rs13409371,2,113838145,G,A,hscrp_log,MA,NA,1.798e-10
rs2246941,10,91004916,C,A,hscrp_log,MA,NA,4.374e-8
rs11902417,2,21198900,G,A,chol_statinadj_log,EUR,-0.0167097,2.24851e-8
rs445925,19,45415640,G,A,chol_statinadj_log,EUR,0.137782,1.96549e-183
rs62116778,19,44894070,G,T,chol_statinadj_log,EUR,0.0487247,5.0085e-14
rs113954889,19,19294392,T,A,chol_statinadj_log,EUR,0.024773,1.13799e-9
rs10799206,1,4193410,C,G,chol_statinadj_log,AFR,-0.367416,3.00328e-11
rs544448053,1,220418651,G,A,chol_statinadj_log,AFR,0.283135,3.4239e-8
rs191279479,6,8254441,A,G,chol_statinadj_log,AFR,0.347519,2.07272e-8
rs7827672,8,102008437,G,A,chol_statinadj_log,AFR,0.372724,1.18108e-8
rs61447276,3,184077343,A,G,chol_statinadj_log,EAS,0.451894,2.34745e-8
rs4237634,11,42777552,C,T,chol_statinadj_log,EAS,0.206402,3.6608e-8
rs146198827,12,30147690,G,GT,chol_statinadj_log,EAS,0.795613,2.78964e-8
rs188800086,2,176996018,C,T,chol_statinadj_log,SAS,0.491392,3.77177e-9
rs6777552,3,100430508,G,A,chol_statinadj_log,SAS,0.517464,2.83773e-10
rs185028193,3,17605525,T,C,chol_statinadj_log,SAS,0.42141,1.55635e-8
rs117308488,9,85091242,C,T,chol_statinadj_log,SAS,0.592076,2.95488e-15
9:6347745_CTCAATTTAGAT_C,9,6347745,CTCAATTTAGAT,C,chol_statinadj_log,SAS,0.60122,1.53387e-10
rs35225872,14,25487026,G,A,chol_statinadj_log,SAS,0.478212,1.00229e-8
rs202179935,17,7962099,A,G,chol_statinadj_log,SAS,0.344192,2.22333e-8
rs141778563,22,34178765,T,C,chol_statinadj_log,SAS,0.442771,3.50874e-10
rs445925,19,45415640,G,A,chol_statinadj_log,MA,NA,1.11e-256
rs62116778,19,44894070,G,T,chol_statinadj_log,MA,NA,4.647e-14
rs113954889,19,19294392,T,A,chol_statinadj_log,MA,NA,1.373e-9
rs188800086,2,176996018,C,T,chol_statinadj_log,MA,NA,3.772e-9
rs35225872,14,25487026,G,A,chol_statinadj_log,MA,NA,1.002e-8
rs10020512,4,5745954,T,A,creatinine_log,AFR,0.197972,3.51596e-9
rs34181499,4,160642382,A,T,creatinine_log,AFR,0.300066,3.10888e-8
rs79443026,10,20539775,G,T,creatinine_log,AFR,0.493178,5.89488e-13
rs245640,16,60041166,T,C,creatinine_log,AFR,-0.225786,1.11224e-9
rs16991840,20,6077501,T,G,creatinine_log,AFR,0.295768,3.6544e-8
rs7732720,5,11136164,G,A,creatinine_log,EAS,0.320909,3.75566e-8
rs66509810,12,4976659,A,C,creatinine_log,EAS,0.618566,2.66853e-8
rs62186869,2,236188332,C,T,creatinine_log,SAS,0.407854,1.54811e-8
rs374391027,18,55538155,GT,G,creatinine_log,SAS,-0.146427,4.44346e-8
rs60600328,2,83793768,T,TAG,cysC_log,EUR,-0.0141934,2.05914e-8
rs3131788,6,31024796,G,A,cysC_log,EUR,0.0265927,2.00989e-14
rs9272079,6,32599632,C,T,cysC_log,EUR,0.0200524,1.59408e-13
rs532086,6,31881309,T,C,cysC_log,EUR,0.0243451,1.47744e-12
rs408623,6,29519554,G,T,cysC_log,EUR,0.0259255,1.0269e-11
rs3130117,6,30508956,G,A,cysC_log,EUR,0.0239245,1.59157e-11
rs6939532,6,26534024,G,T,cysC_log,EUR,0.0245022,1.80649e-10
rs35044849,6,28667669,A,G,cysC_log,EUR,0.0249767,1.88498e-10
rs13197176,6,28129232,C,T,cysC_log,EUR,0.0250743,2.08503e-10
rs56114371,6,27274834,C,T,cysC_log,EUR,0.0240609,2.17482e-9
rs13044712,20,23660985,G,C,cysC_log,EUR,0.0487101,1.01172e-79
rs6113833,20,22851134,G,A,cysC_log,EUR,0.0592467,3.6283e-9
2:183252484_TAAAA_T,2,183252484,TAAAA,T,cysC_log,AFR,0.378078,2.81806e-9
rs11684010,2,15843903,G,A,cysC_log,AFR,0.19593,7.19589e-9
rs246964,5,118914268,A,T,cysC_log,AFR,0.46632,1.87911e-8
rs11496058,7,84769653,T,C,cysC_log,AFR,0.516038,2.90737e-8
rs6473191,8,80818952,G,A,cysC_log,AFR,-0.289289,3.29992e-8
rs770327456,6,154624744,AACTATTGCCCT,A,cysC_log,EAS,0.492082,5.78193e-10
rs149489247,1,70963523,A,ATG,cysC_log,SAS,0.460471,1.53181e-9
rs7711838,5,95980906,C,T,cysC_log,SAS,0.476335,1.82102e-8
rs17667361,8,855083,G,A,cysC_log,SAS,0.463069,3.83912e-8
rs80293879,9,31031642,G,T,cysC_log,SAS,0.324187,4.31574e-8
rs34271429,15,62525957,G,A,cysC_log,SAS,0.433206,2.1726e-8
rs117264221,20,15450622,A,G,cysC_log,SAS,0.305748,1.46012e-8
rs548139121,6,31100625,TAA,T,cysC_log,MA,NA,1.939e-14
rs9272080,6,32599633,G,A,cysC_log,MA,NA,6.414e-13
rs532086,6,31881309,C,T,cysC_log,MA,NA,2.911e-12
rs408623,6,29519554,G,T,cysC_log,MA,NA,1.027e-11
rs3130117,6,30508956,G,A,cysC_log,MA,NA,1.904e-11
rs6939532,6,26534024,G,T,cysC_log,MA,NA,1.17e-10
rs35044849,6,28667669,G,A,cysC_log,MA,NA,1.885e-10
rs13197176,6,28129232,C,T,cysC_log,MA,NA,2.085e-10
rs56401801,6,27301512,T,A,cysC_log,MA,NA,2.776e-9
rs13044712,20,23660985,G,C,cysC_log,MA,NA,1.03e-77
rs6113833,20,22851134,G,A,cysC_log,MA,NA,3.628e-9
rs1550532,2,234264848,C,G,bilirubin_dir_log,EUR,NA,0
rs28900731,2,234790111,A,G,bilirubin_dir_log,EUR,0.140997,3.43061e-144
rs200482727,2,233649799,CTTT,C,bilirubin_dir_log,EUR,-0.0405096,1.54778e-11
rs764353259,10,65290254,AT,A,bilirubin_dir_log,EUR,-0.018731,7.35018e-12
rs16926246,10,71093392,C,T,bilirubin_dir_log,EUR,0.0239858,2.81178e-9
rs56165099,12,21357731,C,T,bilirubin_dir_log,EUR,0.0355839,4.74657e-24
rs1154239,18,21517096,A,G,bilirubin_dir_log,EUR,-0.0419199,2.67008e-8
rs2003569,2,234667937,G,A,bilirubin_dir_log,AFR,-0.237879,3.33106e-23
rs4740730,9,3747246,A,T,bilirubin_dir_log,AFR,0.247857,2.39415e-9
rs549148290,2,184394330,T,TGTTGAAGGGACCTCAGTCAGTTG,bilirubin_dir_log,EAS,0.314965,8.83206e-9
rs62088762,17,66345591,C,T,bilirubin_dir_log,EAS,0.412441,4.90481e-8
rs7231406,18,34224459,G,A,bilirubin_dir_log,EAS,0.797708,1.56194e-8
rs4663971,2,234674252,C,G,bilirubin_dir_log,SAS,0.231557,2.3786e-28
rs730673,2,234711677,G,C,bilirubin_dir_log,MA,NA,0
rs62192912,2,234144942,C,T,bilirubin_dir_log,MA,NA,0
rs11885497,2,233559719,G,A,bilirubin_dir_log,MA,NA,3.333e-9
rs12611556,2,41238872,G,A,bilirubin_dir_log,MA,NA,3.763e-8
rs764353259,10,65290254,AT,A,bilirubin_dir_log,MA,NA,1.055e-11
rs16926246,10,71093392,C,T,bilirubin_dir_log,MA,NA,5.298e-10
12:21386505_CA_C,12,21386505,C,CA,bilirubin_dir_log,MA,NA,4.04e-23
rs1497406,1,16505320,A,G,ggt_log,EUR,0.0451087,6.47383e-71
rs11264333,1,155108287,G,A,ggt_log,EUR,-0.0380193,1.72213e-50
rs754053,1,82299559,C,T,ggt_log,EUR,-0.0286651,1.45922e-24
rs35917148,1,89109415,T,TGAG,ggt_log,EUR,-0.0181677,3.18631e-12
rs2641352,1,120446063,T,C,ggt_log,EUR,0.0265508,4.0473e-11
rs685059,1,23783185,C,G,ggt_log,EUR,0.0213362,5.38896e-9
rs12134456,1,155722506,C,G,ggt_log,EUR,0.0155993,7.44273e-9
rs4973550,2,233517701,G,T,ggt_log,EUR,0.0210443,3.05099e-16
rs35596292,2,192111616,C,T,ggt_log,EUR,0.0216842,5.41509e-16
rs1260326,2,27730940,T,C,ggt_log,EUR,-0.0188318,1.82678e-13
rs62114506,2,242793,G,C,ggt_log,EUR,0.019912,2.45585e-12
rs12994639,2,64959331,T,G,ggt_log,EUR,-0.0177089,1.05925e-9
rs6542680,2,3640142,C,T,ggt_log,EUR,-0.0185663,2.00032e-8
rs75559381,3,149207252,A,C,ggt_log,EUR,0.0327447,1.66189e-11
rs200660321,3,160088163,A,AT,ggt_log,EUR,0.0176025,2.65681e-9
rs79287178,3,172294500,G,A,ggt_log,EUR,0.0467277,5.64406e-9
rs4835265,4,146821410,C,A,ggt_log,EUR,0.0741461,4.89506e-104
rs10075805,5,31021358,A,G,ggt_log,EUR,-0.0490981,1.39401e-69
rs6879279,5,106878792,G,C,ggt_log,EUR,-0.0346071,3.74456e-23
rs66827546,5,132388960,G,A,ggt_log,EUR,-0.0179359,4.49225e-10
rs4074793,5,52193125,A,G,ggt_log,EUR,0.0275929,5.6372e-9
rs12190285,6,21924326,T,G,ggt_log,EUR,-0.0273919,1.82421e-23
rs9637973,6,53903152,G,A,ggt_log,EUR,-0.0181884,2.17702e-11
rs41302867,6,7240876,G,A,ggt_log,EUR,0.0238495,3.929e-10
rs10947978,6,41471608,A,C,ggt_log,EUR,0.0151055,1.49474e-8
rs12203592,6,396321,C,T,ggt_log,EUR,0.0166725,3.48849e-8
rs7780562,7,26022414,A,C,ggt_log,EUR,0.0238634,3.96179e-14
rs445,7,92408370,C,T,ggt_log,EUR,0.0263482,6.13289e-10
rs1558032,7,28933628,T,C,ggt_log,EUR,-0.0222216,9.67513e-9
rs6557780,8,21937441,G,A,ggt_log,EUR,-0.0260897,1.00598e-14
rs4921913,8,18272377,C,T,ggt_log,EUR,-0.0220348,2.76997e-13
rs6468341,8,30279355,T,C,ggt_log,EUR,-0.0195052,9.33775e-12
rs2904889,8,95940598,T,G,ggt_log,EUR,0.0222088,4.4452e-11
rs28601761,8,126500031,C,G,ggt_log,EUR,-0.016311,3.44542e-10
rs754466,10,79680434,A,T,ggt_log,EUR,0.0561112,1.01008e-84
10:60308907_GT_G,10,60308907,GT,G,ggt_log,EUR,-0.0184076,3.26766e-13
rs201579800,10,101585440,C,CT,ggt_log,EUR,-0.0460546,1.09272e-10
rs10994838,10,52642500,C,T,ggt_log,EUR,0.0157243,1.19536e-9
rs74398561,11,118233634,A,G,ggt_log,EUR,0.0413948,1.9684e-11
rs17358295,11,34653771,T,G,ggt_log,EUR,-0.0269987,3.28074e-11
rs1981404,11,78611215,C,A,ggt_log,EUR,-0.0170898,7.89609e-11
rs139391267,11,338106,A,G,ggt_log,EUR,0.0281693,1.79847e-8
rs12417334,11,12072099,A,G,ggt_log,EUR,-0.0146764,4.71152e-8
rs568205009,12,109197140,G,GA,ggt_log,EUR,-0.0199481,1.19104e-11
rs7314285,12,111522026,T,G,ggt_log,EUR,0.02988,1.72232e-9
rs1778793,13,28444088,C,G,ggt_log,EUR,-0.0243204,8.90799e-22
rs12855875,13,110938156,A,G,ggt_log,EUR,-0.0185432,3.17107e-9
13:73641980_CT_C,13,73641980,CT,C,ggt_log,EUR,-0.0160094,4.32869e-9
rs139269536,14,103571695,C,CTG,ggt_log,EUR,0.0423644,4.08191e-44
rs3861491,14,50440474,A,G,ggt_log,EUR,0.0163649,4.13911e-10
rs117721202,14,71441596,A,T,ggt_log,EUR,0.0525604,3.15341e-8
rs339969,15,60883281,C,A,ggt_log,EUR,0.0208145,5.49706e-16
rs7180191,15,72635344,C,T,ggt_log,EUR,0.016195,3.11675e-8
rs28650012,16,80497341,G,C,ggt_log,EUR,-0.0334924,1.34721e-32
rs3743887,16,424277,G,A,ggt_log,EUR,0.0333554,1.68905e-11
rs149048921,16,2116313,G,A,ggt_log,EUR,-0.0511309,2.72651e-8
rs7216619,17,70079708,C,A,ggt_log,EUR,0.0292753,1.6225e-27
rs17138478,17,36073320,C,A,ggt_log,EUR,-0.0366279,1.02664e-22
rs62076019,17,79481003,G,T,ggt_log,EUR,0.0208272,6.29737e-16
rs7223643,17,65830282,A,G,ggt_log,EUR,0.0184397,7.44223e-9
rs7210604,17,29633816,A,T,ggt_log,EUR,-0.0161599,1.45279e-8
rs4940691,18,56095378,T,G,ggt_log,EUR,-0.0625825,3.15364e-90
rs492602,19,49206417,A,G,ggt_log,EUR,0.0203703,3.91624e-16
rs15052,19,41813375,T,C,ggt_log,EUR,0.0266114,6.42925e-16
rs8111532,19,17835520,A,G,ggt_log,EUR,0.0170965,8.4006e-12
rs1469084,19,33868013,A,G,ggt_log,EUR,-0.0171232,9.42243e-12
rs123698,19,807442,G,C,ggt_log,EUR,0.0170211,2.84091e-11
rs6110389,20,14671213,A,T,ggt_log,EUR,0.0172403,2.09037e-10
rs8113963,20,3180054,C,T,ggt_log,EUR,0.0202905,1.57845e-9
rs235343,21,46249752,A,C,ggt_log,EUR,-0.0148573,4.77804e-9
rs7276463,21,30102618,G,A,ggt_log,EUR,0.0168617,7.74704e-9
rs2330805,22,24998619,A,G,ggt_log,EUR,0.0425009,1.88605e-59
rs12157484,22,18455122,C,T,ggt_log,EUR,-0.0341008,2.11786e-31
rs6519133,22,39096602,T,C,ggt_log,EUR,0.0172631,1.76866e-11
rs4822983,22,29115066,C,T,ggt_log,EUR,-0.0155113,6.2663e-9
rs7452766,6,53354645,A,G,ggt_log,AFR,0.365853,6.90077e-10
rs149213826,6,38045218,G,GTTAA,ggt_log,AFR,0.200784,4.99613e-8
rs778071608,10,65384235,AT,A,ggt_log,AFR,0.467714,6.45646e-9
rs2346245,16,7102997,G,A,ggt_log,AFR,0.22051,2.3146e-8
rs113994477,2,15984111,G,A,ggt_log,SAS,0.423589,3.41018e-8
rs61963257,13,86584554,C,T,ggt_log,SAS,0.279484,1.32624e-8
rs138902885,19,23735190,C,T,ggt_log,SAS,0.460973,3.74606e-8
rs2006092,22,24995668,G,A,ggt_log,MA,NA,8.742e-61
rs12157484,22,18455122,C,T,ggt_log,MA,NA,4.27e-32
rs6519133,22,39096602,C,T,ggt_log,MA,NA,1.495e-10
rs1547014,22,29100711,C,T,ggt_log,MA,NA,7.162e-9
rs9959832,18,56086820,C,T,ggt_log,MA,NA,4.869e-86
rs13019004,2,192110219,C,T,ggt_log,MA,NA,3.499e-17
rs13395911,2,233520254,T,A,ggt_log,MA,NA,4.308e-16
rs62114506,2,242793,G,C,ggt_log,MA,NA,3.519e-13
rs141306206,2,27745764,GT,G,ggt_log,MA,NA,2.299e-12
rs12994639,2,64959331,G,T,ggt_log,MA,NA,1.832e-9
rs2110529,2,59497127,C,T,ggt_log,MA,NA,1.001e-8
rs3820897,2,3642361,C,T,ggt_log,MA,NA,1.783e-8
rs11114055,12,109169137,C,T,ggt_log,MA,NA,3.279e-12
rs7314285,12,111522026,G,T,ggt_log,MA,NA,8.282e-9
rs1497406,1,16505320,G,A,ggt_log,MA,NA,3.405e-72
rs11264333,1,155108287,G,A,ggt_log,MA,NA,4.505e-51
rs3748770,1,82265905,G,A,ggt_log,MA,NA,3.044e-24
rs71666203,1,89157443,T,A,ggt_log,MA,NA,5.302e-12
rs2487569,1,120442257,T,A,ggt_log,MA,NA,2.622e-11
rs12134456,1,155722506,G,C,ggt_log,MA,NA,3.542e-9
rs1198433,1,23756695,G,A,ggt_log,MA,NA,4.138e-9
rs754466,10,79680434,T,A,ggt_log,MA,NA,1.915e-82
rs542141666,10,60302607,TA,T,ggt_log,MA,NA,1.516e-13
rs201579800,10,101585440,C,CT,ggt_log,MA,NA,1.093e-10
rs10994838,10,52642500,C,T,ggt_log,MA,NA,2.546e-9
rs10075805,5,31021358,G,A,ggt_log,MA,NA,1.046e-69
rs6879279,5,106878792,G,C,ggt_log,MA,NA,5.187e-23
rs66827546,5,132388960,G,A,ggt_log,MA,NA,1.658e-9
rs4074793,5,52193125,G,A,ggt_log,MA,NA,2.489e-9
rs6557780,8,21937441,G,A,ggt_log,MA,NA,1.594e-13
rs1961456,8,18255709,G,A,ggt_log,MA,NA,7.142e-13
rs2979469,8,30285091,G,C,ggt_log,MA,NA,4.886e-12
rs2904889,8,95940598,G,T,ggt_log,MA,NA,3.249e-11
rs28601761,8,126500031,G,C,ggt_log,MA,NA,1.041e-10
rs139269536,14,103571695,C,CTG,ggt_log,MA,NA,6.441e-44
rs3861491,14,50440474,G,A,ggt_log,MA,NA,1.504e-10
rs117721202,14,71441596,T,A,ggt_log,MA,NA,3.153e-8
rs73045269,19,41825191,C,T,ggt_log,MA,NA,2.9970000000000003e-17
rs492602,19,49206417,G,A,ggt_log,MA,NA,9.155e-16
rs7253117,19,17844894,G,A,ggt_log,MA,NA,1.538e-12
rs1469084,19,33868013,G,A,ggt_log,MA,NA,1.881e-11
rs123698,19,807442,G,C,ggt_log,MA,NA,7.263e-11
rs138902885,19,23735190,C,T,ggt_log,MA,NA,3.746e-8
rs9913936,17,70074148,C,T,ggt_log,MA,NA,7.659e-29
rs17138478,17,36073320,C,A,ggt_log,MA,NA,7.13e-23
rs62076019,17,79481003,G,T,ggt_log,MA,NA,1.178e-15
rs7223357,17,65945536,G,C,ggt_log,MA,NA,1.011e-8
rs35574405,17,29598388,AT,A,ggt_log,MA,NA,1.249e-8
rs6110389,20,14671213,T,A,ggt_log,MA,NA,2.3e-10
rs111769518,20,3181552,G,C,ggt_log,MA,NA,2.475e-9
rs28431967,6,21926992,G,A,ggt_log,MA,NA,2.191e-23
6:53946191_AT_A,6,53946191,AT,A,ggt_log,MA,NA,2.973e-11
rs41302867,6,7240876,G,A,ggt_log,MA,NA,4.403e-10
rs10947978,6,41471608,C,A,ggt_log,MA,NA,1.186e-8
rs12203592,6,396321,C,T,ggt_log,MA,NA,2.739e-8
rs4581712,16,80497601,C,A,ggt_log,MA,NA,1.234e-34
rs62030794,16,422516,G,T,ggt_log,MA,NA,6.909e-11
rs149048921,16,2116313,G,A,ggt_log,MA,NA,2.727e-8
rs339969,15,60883281,C,A,ggt_log,MA,NA,2.259e-14
rs55763892,15,72540180,C,T,ggt_log,MA,NA,1.012e-8
rs75559381,3,149207252,C,A,ggt_log,MA,NA,8.789e-12
rs17236494,3,160173600,C,A,ggt_log,MA,NA,1.488e-9
rs79287178,3,172294500,G,A,ggt_log,MA,NA,5.644e-9
rs74398561,11,118233634,G,A,ggt_log,MA,NA,3.816e-11
rs17358295,11,34653771,G,T,ggt_log,MA,NA,9.759e-11
rs551619,11,78597949,G,C,ggt_log,MA,NA,1.207e-10
rs11022130,11,12071547,G,A,ggt_log,MA,NA,2.583e-8
rs1778793,13,28444088,G,C,ggt_log,MA,NA,2.202e-21
13:73641980_CT_C,13,73641980,C,CT,ggt_log,MA,NA,7.322e-9
rs12870961,13,110939647,G,T,ggt_log,MA,NA,3.038e-8
rs4835265,4,146821410,C,A,ggt_log,MA,NA,7.53e-107
4:39415924_GAA_G,4,39415924,GAA,G,ggt_log,MA,NA,1.318e-8
rs4147544,4,100134514,G,T,ggt_log,MA,NA,3.415e-8
rs7780562,7,26022414,C,A,ggt_log,MA,NA,1.378e-14
rs445,7,92408370,C,T,ggt_log,MA,NA,1.075e-8
rs1558029,7,28930706,C,T,ggt_log,MA,NA,2.363e-8
rs235343,21,46249752,C,A,ggt_log,MA,NA,4.153e-9
rs7276463,21,30102618,G,A,ggt_log,MA,NA,9.452e-9
rs573225,2,169757541,G,A,glu_log,EUR,-0.0263312,8.63208e-21
rs7756992,6,20679709,A,G,glu_log,EUR,0.0179511,1.39133e-9
rs376993806,9,139246588,A,G,glu_log,EUR,0.0192646,2.8721e-10
rs7903146,10,114758349,C,T,glu_log,EUR,0.02524,2.11036e-18
rs58534496,10,94461658,T,TA,glu_log,EUR,-0.0166817,3.93638e-10
rs12146652,11,17384542,C,A,glu_log,EUR,-0.018651,4.65521e-12
rs10423928,19,46182304,T,A,glu_log,EUR,0.0223823,1.37332e-11
20:25372980_TA_T,20,25372980,TA,T,glu_log,EUR,0.0196266,2.81393e-9
rs62146773,2,106859249,T,C,glu_log,AFR,0.457396,2.48576e-8
4:11508981_AC_A,4,11508981,AC,A,glu_log,AFR,0.457367,9.28402e-9
rs79850882,5,111502842,G,A,glu_log,AFR,0.322038,1.56712e-10
rs12523467,5,53799294,C,T,glu_log,AFR,0.359305,5.18026e-9
rs62385877,5,135867007,T,C,glu_log,AFR,0.305908,4.61395e-8
rs62419594,6,84385289,T,C,glu_log,AFR,0.461894,2.03131e-9
rs10486866,7,70088656,C,T,glu_log,AFR,0.419725,2.39935e-14
rs142065362,7,95679354,A,C,glu_log,AFR,0.48046,6.86179e-9
rs35538113,7,48490743,C,T,glu_log,AFR,0.436171,3.88591e-8
rs73180750,8,1850215,G,A,glu_log,AFR,0.554544,9.62026e-9
rs149989183,9,85325301,G,GA,glu_log,AFR,0.401007,9.42955e-9
rs35200241,15,67340177,A,G,glu_log,AFR,0.414327,1.30852e-8
rs178602,16,57481305,T,C,glu_log,AFR,-0.283862,1.40058e-8
rs199697384,17,73856221,T,TG,glu_log,AFR,0.347156,4.26645e-8
rs6126458,20,50697019,G,A,glu_log,AFR,0.340903,2.26344e-8
rs11704241,22,40102918,G,A,glu_log,AFR,0.436255,7.76469e-10
3:138577822_CA_C,3,138577822,CA,C,glu_log,EAS,-0.422791,1.74772e-8
rs2431175,5,164949332,G,T,glu_log,EAS,-0.407092,2.17603e-8
rs74471397,9,135354278,T,C,glu_log,EAS,0.543402,1.03903e-8
rs201853757,16,74419006,A,G,glu_log,EAS,0.455786,3.41891e-8
20:14853696_TGAA_T,20,14853696,TGAA,T,glu_log,EAS,0.476871,4.95952e-10
rs189678020,2,175199504,C,T,glu_log,SAS,0.370348,4.30196e-9
rs62166785,2,124468439,G,A,glu_log,SAS,0.329891,7.7655e-9
rs77506341,2,203379805,C,G,glu_log,SAS,0.536573,1.70074e-8
rs143155083,3,147627610,T,G,glu_log,SAS,0.374946,3.91282e-12
rs143505534,3,114298141,G,C,glu_log,SAS,0.229063,1.52951e-9
rs79904041,4,75196908,T,C,glu_log,SAS,0.296852,4.73584e-9
rs6832419,4,40401610,T,C,glu_log,SAS,0.262295,2.06967e-8
rs117934206,7,42153845,A,G,glu_log,SAS,0.38591,2.97687e-9
rs151045521,7,299652,A,G,glu_log,SAS,0.326717,7.23537e-9
rs147815279,7,48221133,G,T,glu_log,SAS,-0.323724,9.58702e-9
rs7024007,9,137904052,T,G,glu_log,SAS,0.49228,2.4427600000000003e-10
rs62619919,10,13325784,C,T,glu_log,SAS,0.594148,2.2078e-12
rs146966169,10,116105710,C,T,glu_log,SAS,0.397853,2.62862e-10
rs78405915,12,129250515,C,T,glu_log,SAS,0.56475,1.36881e-12
rs116905589,12,105089532,C,T,glu_log,SAS,0.404323,7.56158e-9
rs3217860,12,4399050,A,G,glu_log,SAS,0.127459,4.6906e-8
rs139097437,13,42285818,A,G,glu_log,SAS,0.416633,3.47096e-9
rs72837278,17,47669471,G,A,glu_log,SAS,0.286789,1.10279e-8
rs75655623,19,31963603,G,T,glu_log,SAS,0.625736,4.38617e-10
rs140074052,20,3757142,G,A,glu_log,SAS,0.461935,6.66783e-9
rs143228560,21,18315159,C,CT,glu_log,SAS,0.420443,3.76151e-9
rs535220618,22,39782852,T,C,glu_log,SAS,0.365021,4.45609e-8
rs60980157,9,139235415,C,T,glu_log,MA,NA,2.546e-10
rs7903146,10,114758349,C,T,glu_log,MA,NA,6.003e-18
rs62619919,10,13325784,C,T,glu_log,MA,NA,2.208e-12
rs11187140,10,94466910,G,A,glu_log,MA,NA,2.385e-10
rs146966169,10,116105710,C,T,glu_log,MA,NA,1.146e-8
rs560887,2,169763148,C,T,glu_log,MA,NA,2.226e-20
20:25372980_TA_T,20,25372980,TA,T,glu_log,MA,NA,1.133e-8
rs12146652,11,17384542,C,A,glu_log,MA,NA,2.814e-11
rs34783010,19,46180414,G,T,glu_log,MA,NA,3.664e-11
rs10440833,6,20688121,T,A,glu_log,MA,NA,9.099e-10
rs142065362,7,95679354,C,A,glu_log,MA,NA,6.862e-9
rs116905589,12,105089532,C,T,glu_log,MA,NA,7.562e-9
rs857725,1,158607935,T,G,hba1c_log,EUR,-0.0167138,7.86842e-9
rs62189029,2,226925725,C,G,hba1c_log,EUR,-0.0170522,3.21906e-8
rs7638232,3,12267504,G,A,hba1c_log,EUR,0.0143692,3.15377e-8
rs79220007,6,26098474,T,C,hba1c_log,EUR,0.0384171,1.74886e-15
rs79681349,6,25582712,C,G,hba1c_log,EUR,0.0331453,3.07953e-14
rs12212095,6,1083696,G,A,hba1c_log,EUR,-0.0263713,2.03942e-9
rs34446632,6,27209978,C,T,hba1c_log,EUR,0.0273002,6.03944e-9
rs142175606,6,27712526,A,AT,hba1c_log,EUR,0.027377,2.73826e-8
rs4737010,8,41630447,G,A,hba1c_log,EUR,-0.0283327,2.78742e-20
rs62550975,9,91408132,A,G,hba1c_log,EUR,0.0426472,9.7326e-16
rs10823346,10,71093694,G,C,hba1c_log,EUR,0.0549059,1.31236e-75
rs7903146,10,114758349,C,T,hba1c_log,EUR,0.0244497,4.44082e-18
rs72996113,11,100453046,C,T,hba1c_log,EUR,0.0281696,8.27761e-11
rs11881955,19,17254508,A,G,hba1c_log,EUR,-0.0203612,1.02125e-14
rs146502564,1,80440758,C,CT,hba1c_log,AFR,0.531364,1.49408e-10
rs10932672,2,217553930,G,A,hba1c_log,AFR,0.522491,2.245e-9
rs73110406,3,4702221,A,G,hba1c_log,AFR,0.429454,3.14745e-8
4:11508981_AC_A,4,11508981,AC,A,hba1c_log,AFR,0.598485,1.78229e-12
rs78646329,6,22460361,C,T,hba1c_log,AFR,0.42909,4.091e-8
7:53750760_GTTTCTTTTAATCT_G,7,53750760,GTTTCTTTTAATCT,G,hba1c_log,AFR,0.468138,1.26413e-9
rs17166197,7,7335868,G,A,hba1c_log,AFR,0.241297,1.57545e-8
rs115410451,14,20671208,T,G,hba1c_log,AFR,0.670375,4.21721e-12
6:109310732_ATAGAGATAGAGATATCTCTAGATCTAGATCTCTAGATC_A,6,109310732,ATAGAGATAGAGATATCTCTAGATCTAGATCTCTAGATC,A,hba1c_log,EAS,0.584742,2.89127e-8
rs75382308,9,4186514,A,T,hba1c_log,EAS,0.460445,9.25969e-10
rs76922535,1,207617424,T,C,hba1c_log,SAS,0.488236,2.4371e-10
rs116484065,2,45280307,G,T,hba1c_log,SAS,0.454765,6.21454e-9
rs66504551,2,184638227,C,A,hba1c_log,SAS,0.42771,1.65579e-8
rs35100673,3,169489937,C,T,hba1c_log,SAS,0.466896,3.53286e-11
rs60287673,3,173983838,T,A,hba1c_log,SAS,0.57986,6.88931e-11
rs66625858,4,117847679,A,G,hba1c_log,SAS,0.29321,5.55903e-10
rs75935752,7,54813499,C,T,hba1c_log,SAS,0.497864,1.69722e-9
rs191390056,7,12207143,T,A,hba1c_log,SAS,0.34226,1.95649e-8
rs2054687,7,149645368,A,G,hba1c_log,SAS,-0.392934,3.45269e-8
rs10099198,8,128832814,A,G,hba1c_log,SAS,0.429004,6.53319e-10
rs117706618,8,29495175,C,T,hba1c_log,SAS,0.524425,6.51499e-9
rs17239590,8,58939799,T,C,hba1c_log,SAS,0.281614,3.11233e-8
rs75195408,9,5415388,G,A,hba1c_log,SAS,0.657613,3.25032e-12
rs75244299,9,135449862,G,C,hba1c_log,SAS,0.468828,2.11535e-8
rs7922024,10,63763369,C,T,hba1c_log,SAS,0.271379,9.51965e-9
rs12795471,11,64318347,G,T,hba1c_log,SAS,0.409825,4.95067e-9
rs11029777,11,27026865,T,C,hba1c_log,SAS,0.31715,4.8484e-8
rs12829748,12,11482970,C,T,hba1c_log,SAS,0.386181,6.2998e-10
rs78566551,12,117493559,G,C,hba1c_log,SAS,0.494949,3.69171e-8
14:61722955_TA_T,14,61722955,TA,T,hba1c_log,SAS,0.482976,7.92874e-10
rs78387328,15,59665406,T,G,hba1c_log,SAS,0.47992,1.70133e-8
rs11871864,17,31368775,T,G,hba1c_log,SAS,0.441097,3.89711e-8
rs72996113,11,100453046,C,T,hba1c_log,MA,NA,3.081e-10
rs62550975,9,91408132,G,A,hba1c_log,MA,NA,1.464e-15
rs79220007,6,26098474,C,T,hba1c_log,MA,NA,1.749e-15
rs79681349,6,25582712,G,C,hba1c_log,MA,NA,3.08e-14
rs12212095,6,1083696,G,A,hba1c_log,MA,NA,1.604e-9
rs34446632,6,27209978,C,T,hba1c_log,MA,NA,6.04e-9
rs142175606,6,27712526,AT,A,hba1c_log,MA,NA,2.738e-8
rs10823346,10,71093694,G,C,hba1c_log,MA,NA,1.274e-73
rs4506565,10,114756041,T,A,hba1c_log,MA,NA,1.466e-17
rs4737010,8,41630447,G,A,hba1c_log,MA,NA,2.461e-19
rs34669166,2,227019008,TA,T,hba1c_log,MA,NA,2.032e-8
rs7638232,3,12267504,G,A,hba1c_log,MA,NA,6.192e-9
rs11881955,19,17254508,G,A,hba1c_log,MA,NA,3.682e-14
rs78387328,15,59665406,G,T,hba1c_log,MA,NA,1.701e-8
rs855791,22,37462936,G,A,hba1c_log,MA,NA,4.956e-8
rs1461729,8,9187242,A,G,hdl_log,EUR,-0.0268338,5.84313e-10
rs74869266,8,19860197,A,C,hdl_log,EUR,-0.0277109,4.59485e-9
rs2740488,9,107661742,A,C,hdl_log,EUR,-0.0222618,6.61309e-14
rs186808413,11,117042408,C,T,hdl_log,EUR,0.090388,3.76905e-13
rs4783961,16,56994894,G,A,hdl_log,EUR,0.035887,6.95328e-43
rs72836561,17,41926126,C,T,hdl_log,EUR,0.0453547,1.38665e-9
rs390082,19,45416831,T,G,hdl_log,EUR,0.0419649,2.1635e-23
rs6073966,20,44570192,C,T,hdl_log,EUR,-0.0266993,2.08433e-14
rs16899130,5,29574665,C,T,hdl_log,AFR,0.462742,7.9652e-10
rs112543238,15,24049613,T,TG,hdl_log,AFR,0.223059,1.59606e-8
rs12081723,1,242808483,A,G,hdl_log,EAS,0.198761,3.87494e-8
rs115029012,5,159199338,G,T,hdl_log,SAS,0.378478,6.47496e-10
rs1461729,8,9187242,G,A,hdl_log,MA,NA,1.485e-9
rs74869266,8,19860197,C,A,hdl_log,MA,NA,5.474e-9
rs6073966,20,44570192,C,T,hdl_log,MA,NA,2.351e-14
rs13284054,9,107669073,C,T,hdl_log,MA,NA,9.68e-14
rs4783961,16,56994894,G,A,hdl_log,MA,NA,2.645e-40
rs438811,19,45416741,C,T,hdl_log,MA,NA,1.512e-23
rs72836561,17,41926126,C,T,hdl_log,MA,NA,2.081e-9
rs186808413,11,117042408,C,T,hdl_log,MA,NA,3.77e-13
rs115018790,5,52088271,G,A,hdl_log,MA,NA,3.848e-8
rs6681159,1,55507882,C,T,ldl_statinadj_log,EUR,-0.0177822,1.07928e-9
rs10455872,6,161010118,A,G,ldl_statinadj_log,EUR,-0.0274516,2.87153e-9
rs75627662,19,45413576,C,T,ldl_statinadj_log,EUR,NA,0
rs62116778,19,44894070,G,T,ldl_statinadj_log,EUR,0.0735112,7.13362e-30
rs10424702,19,19508013,A,G,ldl_statinadj_log,EUR,0.0273677,3.46092e-13
rs7255743,19,46018119,G,A,ldl_statinadj_log,EUR,0.0729265,3.18764e-12
8:112376180_GAGATA_G,8,112376180,GAGATA,G,ldl_statinadj_log,AFR,0.160912,3.34386e-8
rs10995857,10,66026415,A,G,ldl_statinadj_log,AFR,0.304437,2.61064e-9
rs2047925,16,78935908,G,C,ldl_statinadj_log,AFR,0.487288,1.40325e-9
rs4237634,11,42777552,C,T,ldl_statinadj_log,EAS,0.210623,1.91478e-8
rs188800086,2,176996018,C,T,ldl_statinadj_log,SAS,0.480883,8.33344e-9
rs6777552,3,100430508,G,A,ldl_statinadj_log,SAS,0.487731,2.89905e-9
rs117308488,9,85091242,C,T,ldl_statinadj_log,SAS,0.555242,1.47245e-13
9:6347745_CTCAATTTAGAT_C,9,6347745,CTCAATTTAGAT,C,ldl_statinadj_log,SAS,0.547446,5.88909e-9
rs77064286,16,57940344,G,A,ldl_statinadj_log,SAS,0.446922,5.08631e-10
rs141778563,22,34178765,T,C,ldl_statinadj_log,SAS,0.435439,7.08028e-10
rs5117,19,45418790,C,T,ldl_statinadj_log,MA,NA,0
rs62116778,19,44894070,G,T,ldl_statinadj_log,MA,NA,8.39e-30
rs11668386,19,19531910,G,A,ldl_statinadj_log,MA,NA,1.108e-12
rs7255743,19,46018119,G,A,ldl_statinadj_log,MA,NA,3.187e-12
rs10455872,6,161010118,G,A,ldl_statinadj_log,MA,NA,2.872e-9
rs188800086,2,176996018,C,T,ldl_statinadj_log,MA,NA,8.334e-9
rs10888896,1,55509213,G,C,ldl_statinadj_log,MA,NA,1.082e-9
rs77064286,16,57940344,G,A,ldl_statinadj_log,MA,NA,5.859e-9
rs150237550,4,129269687,A,C,lipA_log,EUR,-0.0723552,1.68003e-8
rs4646272,6,160551093,T,G,lipA_log,EUR,NA,0
rs4709450,6,161054859,A,G,lipA_log,EUR,NA,0
6:161556033_CAACA_C,6,161556033,CAACA,C,lipA_log,EUR,-0.15032,9.6308e-278
rs73020718,6,160032984,A,G,lipA_log,EUR,0.173955,5.64415e-87
rs111250403,6,159498295,C,T,lipA_log,EUR,0.0892994,5.30783e-35
rs4709541,6,162103294,G,A,lipA_log,EUR,-0.0267463,3.98028e-14
rs59951233,6,158191647,G,A,lipA_log,EUR,0.0599631,1.58537e-12
rs79332515,6,157052747,A,C,lipA_log,EUR,-0.0450781,2.15946e-8
rs7412,19,45412079,C,T,lipA_log,EUR,0.0535038,2.76582e-25
rs7756403,6,160945365,C,T,lipA_log,AFR,-0.345392,1.97709e-23
rs73596816,6,161017363,G,A,lipA_log,SAS,-0.308648,2.01143e-19
rs405405,6,160781050,T,A,lipA_log,MA,NA,0
rs76832359,6,161351932,G,T,lipA_log,MA,NA,0
rs117682696,6,160098979,C,T,lipA_log,MA,NA,8.86e-258
rs111250403,6,159498295,C,T,lipA_log,MA,NA,5.308e-35
rs13195756,6,162043259,G,A,lipA_log,MA,NA,1.509e-19
rs59951233,6,158191647,G,A,lipA_log,MA,NA,4.507e-12
rs79332515,6,157052747,C,A,lipA_log,MA,NA,2.671e-8
rs7412,19,45412079,C,T,lipA_log,MA,NA,2.328e-26
rs150237550,4,129269687,C,A,lipA_log,MA,NA,1.68e-8
rs62192912,2,234144942,C,T,bilirubin_tot_log,EUR,NA,0
rs7564935,2,234645186,G,T,bilirubin_tot_log,EUR,NA,0
rs59502980,2,233636264,C,T,bilirubin_tot_log,EUR,-0.0356858,1.13672e-11
6:93407716_CCAG_C,6,93407716,CCAG,C,bilirubin_tot_log,EUR,0.0763247,4.82803e-10
rs764353259,10,65290254,AT,A,bilirubin_tot_log,EUR,-0.0189268,6.08089e-14
rs9804848,12,21404082,T,C,bilirubin_tot_log,EUR,0.0196181,5.01849e-14
rs7576166,2,234643560,A,G,bilirubin_tot_log,AFR,0.293682,7.0132e-45
rs12207699,6,21929886,A,G,bilirubin_tot_log,AFR,0.127957,5.51992e-9
rs759174,2,234668245,A,C,bilirubin_tot_log,SAS,0.247868,3.30251e-39
rs75039817,6,141812104,T,C,bilirubin_tot_log,SAS,0.418092,4.13548e-9
rs12197199,6,10267416,A,G,bilirubin_tot_log,SAS,0.353734,1.1716e-8
rs77968427,2,234198054,T,A,bilirubin_tot_log,MA,NA,0
rs2041651,2,234713812,G,T,bilirubin_tot_log,MA,NA,0
rs57211905,2,233653969,G,A,bilirubin_tot_log,MA,NA,2.823e-11
rs764353259,10,65290254,AT,A,bilirubin_tot_log,MA,NA,8.982e-14
rs9804848,12,21404082,C,T,bilirubin_tot_log,MA,NA,1.015e-13
rs73203048,12,114133296,C,A,bilirubin_tot_log,MA,NA,4.244e-8
6:93407716_CCAG_C,6,93407716,C,CCAG,bilirubin_tot_log,MA,NA,4.828e-10
1:63038303_TGG_T,1,63038303,TGG,T,tg_log,EUR,-0.0185978,1.67963e-12
rs1260326,2,27730940,T,C,tg_log,EUR,-0.0327739,1.36312e-37
rs998584,6,43757896,C,A,tg_log,EUR,0.0197724,3.9246e-15
rs35332062,7,73012042,G,A,tg_log,EUR,-0.0292949,5.41488e-15
rs17482753,8,19832646,G,T,tg_log,EUR,-0.0494979,8.64908e-33
rs2980859,8,126499429,C,G,tg_log,EUR,-0.0260429,1.10183e-21
rs3741298,11,116657561,C,T,tg_log,EUR,-0.0684221,3.29622e-102
rs102275,11,61557803,T,C,tg_log,EUR,0.0243471,1.53101e-20
rs116987336,11,117175658,G,A,tg_log,EUR,0.0464725,3.12403e-9
rs261334,15,58726744,G,C,tg_log,EUR,0.0319856,1.1912e-25
rs34954997,19,45417638,C,CTTCG,tg_log,EUR,0.0314152,4.0942700000000003e-26
rs200210321,19,19393890,A,AG,tg_log,EUR,-0.027343,1.45076e-8
rs738408,22,44324730,C,T,tg_log,EUR,-0.0301923,2.89426e-23
rs75195084,18,75828780,G,C,tg_log,AFR,0.386351,7.58545e-9
rs3741298,11,116657561,C,T,tg_log,MA,NA,5.89e-101
rs102275,11,61557803,C,T,tg_log,MA,NA,2.125e-21
rs116987336,11,117175658,G,A,tg_log,MA,NA,2.046e-9
rs58946909,8,19840341,G,A,tg_log,MA,NA,7.731e-34
rs2980859,8,126499429,G,C,tg_log,MA,NA,1.342e-22
rs139566989,15,58726968,C,CGCTGCTCCAAAGAGCAGCT,tg_log,MA,NA,5.047e-25
rs1260326,2,27730940,C,T,tg_log,MA,NA,6.158e-38
rs12996805,2,174484949,C,T,tg_log,MA,NA,3.353e-8
1:63038303_TGG_T,1,63038303,TGG,T,tg_log,MA,NA,1.561e-12
rs33951980,7,73029437,C,T,tg_log,MA,NA,1.173e-15
rs34954997,19,45417638,C,CTTCG,tg_log,MA,NA,1.432e-26
rs58542926,19,19379549,C,T,tg_log,MA,NA,1.26e-8
rs3747207,22,44324855,G,A,tg_log,MA,NA,2.51e-22
rs4711750,6,43757082,T,A,tg_log,MA,NA,4.732e-15
rs75421290,4,6012794,C,A,urea_log,AFR,0.347806,2.34772e-8
rs6892880,5,121964347,G,T,urea_log,AFR,-0.133248,4.98599e-9
rs826792,7,147028591,A,G,urea_log,AFR,0.500601,3.82582e-9
rs114627470,14,28076812,G,T,urea_log,AFR,0.421369,3.927e-10
rs11909760,21,23533959,G,A,urea_log,AFR,0.265454,4.81187e-8
rs183641067,7,77605147,A,C,urea_log,SAS,0.510249,8.85392e-9
rs114627470,14,28076812,G,T,urea_log,MA,NA,3.927e-10
rs75421290,4,6012794,C,A,urea_log,MA,NA,2.348e-8
